Serial_Nums,Questions,Answers
QA001,GitHubとは何ですか,ソフトウェア開発のプラットフォームであり、ソースコードをホスティングする。コードのバージョン管理システムにはGitを使用します。
QA001,GitHubとはどんなシステムか,ソフトウェア開発のプラットフォームであり、ソースコードをホスティングする。コードのバージョン管理システムにはGitを使用します。
QA001,GitHubって何,ソフトウェア開発のプラットフォームであり、ソースコードをホスティングする。コードのバージョン管理システムにはGitを使用します。
QA001,GitHubってなに,ソフトウェア開発のプラットフォームであり、ソースコードをホスティングする。コードのバージョン管理システムにはGitを使用します。
QA002,GitHubについて,Ruby on RailsおよびErlangで記述されており、アメリカのカリフォルニア州サンフランシスコ市に拠点を置くGitHub社によって保守されています。主な開発者はクリス・ワンストラス、P.J.ハイエット、トム・プレストン・ワーナーです。
QA002,GitHubについて知りたい,Ruby on RailsおよびErlangで記述されており、アメリカのカリフォルニア州サンフランシスコ市に拠点を置くGitHub社によって保守されています。主な開発者はクリス・ワンストラス、P.J.ハイエット、トム・プレストン・ワーナーです。
QA002,GitHubについて教えて,Ruby on RailsおよびErlangで記述されており、アメリカのカリフォルニア州サンフランシスコ市に拠点を置くGitHub社によって保守されています。主な開発者はクリス・ワンストラス、P.J.ハイエット、トム・プレストン・ワーナーです。
QA002,GitHubに関して,Ruby on RailsおよびErlangで記述されており、アメリカのカリフォルニア州サンフランシスコ市に拠点を置くGitHub社によって保守されています。主な開発者はクリス・ワンストラス、P.J.ハイエット、トム・プレストン・ワーナーです。
QA002,GitHubに関して知りたい,Ruby on RailsおよびErlangで記述されており、アメリカのカリフォルニア州サンフランシスコ市に拠点を置くGitHub社によって保守されています。主な開発者はクリス・ワンストラス、P.J.ハイエット、トム・プレストン・ワーナーです。
QA002,GitHubに関して教えて,Ruby on RailsおよびErlangで記述されており、アメリカのカリフォルニア州サンフランシスコ市に拠点を置くGitHub社によって保守されています。主な開発者はクリス・ワンストラス、P.J.ハイエット、トム・プレストン・ワーナーです。
QA003,GitHubはどうすれば使えるか,メールアドレス、パスワードを設定してアカウントを作成すれば誰でも無料で利用可能です。
QA003,どうすればGitHubが使えるか,メールアドレス、パスワードを設定してアカウントを作成すれば誰でも無料で利用可能です。
QA003,GitHubの登録手順について知りたい,メールアドレス、パスワードを設定してアカウントを作成すれば誰でも無料で利用可能です。
QA003,GitHubを利用するには,メールアドレス、パスワードを設定してアカウントを作成すれば誰でも無料で利用可能です。
QA003,GitHubはどう登録するのか,メールアドレス、パスワードを設定してアカウントを作成すれば誰でも無料で利用可能です。
QA003,GitHubがうまく登録できない,メールアドレス、パスワードを設定してアカウントを作成すれば誰でも無料で利用可能です。
QA003,どうやったらGitHubが登録できるか,メールアドレス、パスワードを設定してアカウントを作成すれば誰でも無料で利用可能です。
QA003,GitHubの登録方法について,メールアドレス、パスワードを設定してアカウントを作成すれば誰でも無料で利用可能です。
QA003,GitHubの登録方法がわからない,メールアドレス、パスワードを設定してアカウントを作成すれば誰でも無料で利用可能です。
QA003,GitHubの登録方法を教えて,メールアドレス、パスワードを設定してアカウントを作成すれば誰でも無料で利用可能です。
QA003,GitHubはどうやって登録するのか,メールアドレス、パスワードを設定してアカウントを作成すれば誰でも無料で利用可能です。
QA004,GitHubを登録できない,メールアドレス、ユーザー名は他のユーザーと重複しないものを登録する必要があります。また、パスワードは一定以上の強度の文字列の組合せで設定してください。
QA004,GitHubの登録ができないが、どうすればいいか,メールアドレス、ユーザー名は他のユーザーと重複しないものを登録する必要があります。また、パスワードは一定以上の強度の文字列の組合せで設定してください。
QA004,GitHubが登録できないんだけど,メールアドレス、ユーザー名は他のユーザーと重複しないものを登録する必要があります。また、パスワードは一定以上の強度の文字列の組合せで設定してください。
QA004,GitHubが登録できない場合、どうすればよいか,メールアドレス、ユーザー名は他のユーザーと重複しないものを登録する必要があります。また、パスワードは一定以上の強度の文字列の組合せで設定してください。
QA004,GitHubが登録できません,メールアドレス、ユーザー名は他のユーザーと重複しないものを登録する必要があります。また、パスワードは一定以上の強度の文字列の組合せで設定してください。
QA004,GitHubを登録してもうまくいかない,メールアドレス、ユーザー名は他のユーザーと重複しないものを登録する必要があります。また、パスワードは一定以上の強度の文字列の組合せで設定してください。
QA004,GitHubの登録がうまくいかない,メールアドレス、ユーザー名は他のユーザーと重複しないものを登録する必要があります。また、パスワードは一定以上の強度の文字列の組合せで設定してください。
QA004,GitHub登録できなくなった,メールアドレス、ユーザー名は他のユーザーと重複しないものを登録する必要があります。また、パスワードは一定以上の強度の文字列の組合せで設定してください。
QA004,急にGitHub登録ができなくなった,メールアドレス、ユーザー名は他のユーザーと重複しないものを登録する必要があります。また、パスワードは一定以上の強度の文字列の組合せで設定してください。
QA004,GitHubの登録ができない,メールアドレス、ユーザー名は他のユーザーと重複しないものを登録する必要があります。また、パスワードは一定以上の強度の文字列の組合せで設定してください。
QA005,パスワードを忘れた,ログイン画面の「パスワードを忘れた」よりパスワードの再発行を行ってください。
QA005,パスワードを忘れてしまった,ログイン画面の「パスワードを忘れた」よりパスワードの再発行を行ってください。
QA005,パスワードを失念した,ログイン画面の「パスワードを忘れた」よりパスワードの再発行を行ってください。
QA005,パスワードを忘れた場合,ログイン画面の「パスワードを忘れた」よりパスワードの再発行を行ってください。
QA005,パスワードの照会,ログイン画面の「パスワードを忘れた」よりパスワードの再発行を行ってください。
QA005,パスワードが不明,ログイン画面の「パスワードを忘れた」よりパスワードの再発行を行ってください。
QA005,パスワードがわからないのですが,ログイン画面の「パスワードを忘れた」よりパスワードの再発行を行ってください。
QA005,パスワードが思い出せない,ログイン画面の「パスワードを忘れた」よりパスワードの再発行を行ってください。
QA005,パスワードを覚えていない,ログイン画面の「パスワードを忘れた」よりパスワードの再発行を行ってください。
QA005,パスワードをなくしたので、再発行して欲しい,ログイン画面の「パスワードを忘れた」よりパスワードの再発行を行ってください。
QA005,パスワードがわからないのですが,ログイン画面の「パスワードを忘れた」よりパスワードの再発行を行ってください。
QA005,パスワードを紛失,ログイン画面の「パスワードを忘れた」よりパスワードの再発行を行ってください。
QA006,GitHubを使うのはなぜか,分散型バージョン管理システムであるGitHubを使うことで、リポジトリを複数持つことができ、開発の形態や規模に合わせてソースコードの管理ができます。段はローカルリポジトリを使って作業し、ある程度作業できたらリモートリポジトリに反映するといった使い方ができます。リモートリポジトリにアクセスできない環境でも作業を進めることができます。また、大きな規模のソフトウェアの場合、個人や小さなチームで試験的に実装を進めて、ある程度進んだ時点で親のリポジトリや他の開発者のリポジトリに反映するといった使い方ができます。開発者同士の作業を柔軟に進めることができ、オープンソースのプロジェクトなどにも適しています。
QA006,なぜGitHubを使うのか,分散型バージョン管理システムであるGitHubを使うことで、リポジトリを複数持つことができ、開発の形態や規模に合わせてソースコードの管理ができます。段はローカルリポジトリを使って作業し、ある程度作業できたらリモートリポジトリに反映するといった使い方ができます。リモートリポジトリにアクセスできない環境でも作業を進めることができます。また、大きな規模のソフトウェアの場合、個人や小さなチームで試験的に実装を進めて、ある程度進んだ時点で親のリポジトリや他の開発者のリポジトリに反映するといった使い方ができます。開発者同士の作業を柔軟に進めることができ、オープンソースのプロジェクトなどにも適しています。
QA006,GitHubを使う理由,分散型バージョン管理システムであるGitHubを使うことで、リポジトリを複数持つことができ、開発の形態や規模に合わせてソースコードの管理ができます。段はローカルリポジトリを使って作業し、ある程度作業できたらリモートリポジトリに反映するといった使い方ができます。リモートリポジトリにアクセスできない環境でも作業を進めることができます。また、大きな規模のソフトウェアの場合、個人や小さなチームで試験的に実装を進めて、ある程度進んだ時点で親のリポジトリや他の開発者のリポジトリに反映するといった使い方ができます。開発者同士の作業を柔軟に進めることができ、オープンソースのプロジェクトなどにも適しています。
QA006,なんでGitHubを使うのか,分散型バージョン管理システムであるGitHubを使うことで、リポジトリを複数持つことができ、開発の形態や規模に合わせてソースコードの管理ができます。段はローカルリポジトリを使って作業し、ある程度作業できたらリモートリポジトリに反映するといった使い方ができます。リモートリポジトリにアクセスできない環境でも作業を進めることができます。また、大きな規模のソフトウェアの場合、個人や小さなチームで試験的に実装を進めて、ある程度進んだ時点で親のリポジトリや他の開発者のリポジトリに反映するといった使い方ができます。開発者同士の作業を柔軟に進めることができ、オープンソースのプロジェクトなどにも適しています。
QA006,GitHubを使う理由を知りたい,分散型バージョン管理システムであるGitHubを使うことで、リポジトリを複数持つことができ、開発の形態や規模に合わせてソースコードの管理ができます。段はローカルリポジトリを使って作業し、ある程度作業できたらリモートリポジトリに反映するといった使い方ができます。リモートリポジトリにアクセスできない環境でも作業を進めることができます。また、大きな規模のソフトウェアの場合、個人や小さなチームで試験的に実装を進めて、ある程度進んだ時点で親のリポジトリや他の開発者のリポジトリに反映するといった使い方ができます。開発者同士の作業を柔軟に進めることができ、オープンソースのプロジェクトなどにも適しています。
QA007,ログインでエラーが出た,ユーザー名またはメールアドレスとパスワードの組合せが間違っていないか再度確認してください。それでも解決しない場合は管理者に問い合わせてください。
QA007,ログインでエラーが表示された,ユーザー名またはメールアドレスとパスワードの組合せが間違っていないか再度確認してください。それでも解決しない場合は管理者に問い合わせてください。
QA007,ログインできない言われた,ユーザー名またはメールアドレスとパスワードの組合せが間違っていないか再度確認してください。それでも解決しない場合は管理者に問い合わせてください。
QA007,ログインでエラーが出たらどうすればよいか,ユーザー名またはメールアドレスとパスワードの組合せが間違っていないか再度確認してください。それでも解決しない場合は管理者に問い合わせてください。
QA007,ログインでエラーが出た場合、どうすればよい,ユーザー名またはメールアドレスとパスワードの組合せが間違っていないか再度確認してください。それでも解決しない場合は管理者に問い合わせてください。
QA007,ログインをしたら、エラーとなった,ユーザー名またはメールアドレスとパスワードの組合せが間違っていないか再度確認してください。それでも解決しない場合は管理者に問い合わせてください。
QA007,ログインのエラーが発生した,ユーザー名またはメールアドレスとパスワードの組合せが間違っていないか再度確認してください。それでも解決しない場合は管理者に問い合わせてください。
QA008,「コンフリクトを解消してください」と表示されたらどうすればよい,他の作業者と同一ファイルの同一行に変更を加えたものが衝突しています。差分を確認し、採用するコミットを選択して解消してください。
QA008,「コンフリクトを解消してください」と言われた,他の作業者と同一ファイルの同一行に変更を加えたものが衝突しています。差分を確認し、採用するコミットを選択して解消してください。
QA008,「コンフリクトを解消してください」というメッセージが出た,他の作業者と同一ファイルの同一行に変更を加えたものが衝突しています。差分を確認し、採用するコミットを選択して解消してください。
QA008,「コンフリクトを解消してください」と表示されたらどうすればよい,他の作業者と同一ファイルの同一行に変更を加えたものが衝突しています。差分を確認し、採用するコミットを選択して解消してください。
QA009,エラーコード、404が出た,すでに存在しないリポジトリにアクセスしようとしている可能性があります。
QA009,404エラーが表示された,すでに存在しないリポジトリにアクセスしようとしている可能性があります。
QA009,404エラーが出た,すでに存在しないリポジトリにアクセスしようとしている可能性があります。
QA009,エラーコード404とは何ですか,すでに存在しないリポジトリにアクセスしようとしている可能性があります。
QA009,エラーコード404と表示される,すでに存在しないリポジトリにアクセスしようとしている可能性があります。
QA009,エラーコード404が出て前に進めない,すでに存在しないリポジトリにアクセスしようとしている可能性があります。
QA010,GitHubの違い,GitHubは分散型バージョン管理システムでリポジトリを複数持つことができる一歩、SVNは単一のリポジトリしか持てないので集中型バージョン管理システムと呼ばれています。
QA010,GitHubは何が違うのか,GitHubは分散型バージョン管理システムでリポジトリを複数持つことができる一歩、SVNは単一のリポジトリしか持てないので集中型バージョン管理システムと呼ばれています。
QA010,GitHubはどこが違うのか,GitHubは分散型バージョン管理システムでリポジトリを複数持つことができる一歩、SVNは単一のリポジトリしか持てないので集中型バージョン管理システムと呼ばれています。
QA010,GitHubの違いがわからない,GitHubは分散型バージョン管理システムでリポジトリを複数持つことができる一歩、SVNは単一のリポジトリしか持てないので集中型バージョン管理システムと呼ばれています。
QA010,GitHubの違いは何か,GitHubは分散型バージョン管理システムでリポジトリを複数持つことができる一歩、SVNは単一のリポジトリしか持てないので集中型バージョン管理システムと呼ばれています。
QA010,GitHubの違いを教えて,GitHubは分散型バージョン管理システムでリポジトリを複数持つことができる一歩、SVNは単一のリポジトリしか持てないので集中型バージョン管理システムと呼ばれています。
QA010,GitHubの違いを知りたい,GitHubは分散型バージョン管理システムでリポジトリを複数持つことができる一歩、SVNは単一のリポジトリしか持てないので集中型バージョン管理システムと呼ばれています。
QA010,GitHubの他との違いは何か,GitHubは分散型バージョン管理システムでリポジトリを複数持つことができる一歩、SVNは単一のリポジトリしか持てないので集中型バージョン管理システムと呼ばれています。
QA011,GitHubは無料か,一部機能の制限はありますが、無料で利用できます。
QA011,GitHubはいくらで使えるか,一部機能の制限はありますが、無料で利用できます。
QA011,GitHubは有料か,一部機能の制限はありますが、無料で利用できます。
QA011,GitHubはいくらかかるか,一部機能の制限はありますが、無料で利用できます。
QA011,GitHubの費用を知りたい,一部機能の制限はありますが、無料で利用できます。
QA011,GitHubはタダで使えるか,一部機能の制限はありますが、無料で利用できます。
QA011,GitHubはどれくらいの費用がかかるか,一部機能の制限はありますが、無料で利用できます。
QA011,GitHubの料金はいくらか,一部機能の制限はありますが、無料で利用できます。
QA011,GitHubの費用はいくらか,一部機能の制限はありますが、無料で利用できます。
QA011,GitHubの価格はいくらか,一部機能の制限はありますが、無料で利用できます。
QA012,メールアドレスはどこで変更できるか,「設定」→「Email」よりメールアドレスを変更できます。
QA012,配信されるメールアドレスを変更したい,「設定」→「Email」よりメールアドレスを変更できます。
QA012,別のメールアドレスで受信したい,「設定」→「Email」よりメールアドレスを変更できます。
QA012,登録しているアドレスを変えたい,「設定」→「Email」よりメールアドレスを変更できます。
QA012,登録しているメールアドレスが古いままなので変更方法を教えて欲しい,「設定」→「Email」よりメールアドレスを変更できます。
QA012,どうやったらメールアドレスが変更できるのか,「設定」→「Email」よりメールアドレスを変更できます。
QA012,メールアドレス変えたい,「設定」→「Email」よりメールアドレスを変更できます。
QA012,メールアドレスの変更方法,「設定」→「Email」よりメールアドレスを変更できます。
QA012,登録しているアドレスの変更,「設定」→「Email」よりメールアドレスを変更できます。
QA012,メールアドレスの変更について,「設定」→「Email」よりメールアドレスを変更できます。
QA012,メールアドレスを変えるには,「設定」→「Email」よりメールアドレスを変更できます。
QA012,メールアドレスの変更をする方法,「設定」→「Email」よりメールアドレスを変更できます。
QA012,登録メールアドレスの変更,「設定」→「Email」よりメールアドレスを変更できます。
QA012,メールアドレスが古いまま,「設定」→「Email」よりメールアドレスを変更できます。
QA012,登録しているメールアドレスを新しくしたい,「設定」→「Email」よりメールアドレスを変更できます。
QA012,メールアドレスの情報を編集したい,「設定」→「Email」よりメールアドレスを変更できます。
QA013,ユーザー名を変更,変更できません。
QA013,ユーザー名を変更したい,変更できません。
QA013,ユーザー名を変更するには,変更できません。
QA013,ユーザー名の変更方法,変更できません。
QA013,ユーザー名を変えたい,変更できません。
QA013,ユーザー名を変えるには,変更できません。
QA013,ユーザー名を変更できる,変更できません。
QA013,ユーザー名を変更できない,変更できません。
QA013,ユーザー名を変える方法,変更できません。
QA013,ユーザー名を変更する方法,変更できません。
QA013,ユーザー名は変更可能,変更できません。
QA014,GitHubを削除,「設定」→「アカウント」→「アカウント削除」より削除してください。
QA014,GitHubアカウントを削除したい,「設定」→「アカウント」→「アカウント削除」より削除してください。
QA014,GitHubアカウントを削除するには,「設定」→「アカウント」→「アカウント削除」より削除してください。
QA014,GitHubアカウントの削除方法,「設定」→「アカウント」→「アカウント削除」より削除してください。
QA014,GitHubアカウントを削除できる,「設定」→「アカウント」→「アカウント削除」より削除してください。
QA014,GitHubアカウントを削除できない,「設定」→「アカウント」→「アカウント削除」より削除してください。
QA014,GitHubアカウントを削除する方法,「設定」→「アカウント」→「アカウント削除」より削除してください。
QA014,GitHubアカウントは削除可能,「設定」→「アカウント」→「アカウント削除」より削除してください。
QA015,SSHキーを登録,「設定」→「SSH / GPS」より登録してください。
QA015,SSHキーを登録したい,「設定」→「SSH / GPS」より登録してください。
QA015,SSHキーを登録するには,「設定」→「SSH / GPS」より登録してください。
QA015,SSHキーを登録できる,「設定」→「SSH / GPS」より登録してください。
QA015,SSHキーを登録できない,「設定」→「SSH / GPS」より登録してください。
QA015,SSHキーを登録できません,「設定」→「SSH / GPS」より登録してください。
QA015,SSHキーの登録方法,「設定」→「SSH / GPS」より登録してください。
QA015,SSHキーを登録する方法,「設定」→「SSH / GPS」より登録してください。
QA015,SSHキーを登録可能,「設定」→「SSH / GPS」より登録してください。
QA016,SSHキーを確認,「設定」→「SSH / GPS」より登録されているキー一覧を閲覧できます。
QA016,SSHキーを確認したい,「設定」→「SSH / GPS」より登録されているキー一覧を閲覧できます。
QA016,SSHキーを確認するには,「設定」→「SSH / GPS」より登録されているキー一覧を閲覧できます。
QA016,SSHキーを確認できる,「設定」→「SSH / GPS」より登録されているキー一覧を閲覧できます。
QA016,SSHキーを確認できない,「設定」→「SSH / GPS」より登録されているキー一覧を閲覧できます。
QA016,SSHキーを確認できません,「設定」→「SSH / GPS」より登録されているキー一覧を閲覧できます。
QA016,SSHキーの確認方法,「設定」→「SSH / GPS」より登録されているキー一覧を閲覧できます。
QA016,SSHキーを確認する方法,「設定」→「SSH / GPS」より登録されているキー一覧を閲覧できます。
QA017,Prime Videoとは何ですか,Amazon Primeに会員登録することで利用可能なサブスク型のビデオ視聴サービスです。
QA017,Prime Videoとはどんなサービスか,Amazon Primeに会員登録することで利用可能なサブスク型のビデオ視聴サービスです。
QA017,Prime Videoって何,Amazon Primeに会員登録することで利用可能なサブスク型のビデオ視聴サービスです。
QA017,Prime Videoってなに,Amazon Primeに会員登録することで利用可能なサブスク型のビデオ視聴サービスです。
QA017,Prime Videoとは何か知りたい,Amazon Primeに会員登録することで利用可能なサブスク型のビデオ視聴サービスです。
QA018,Prime Videoについて,国内外の映画、TVドラマ、アニメ、ドキュメンタリー等のコンテンツを扱っています。
QA018,Prime Videoについて知りたい,国内外の映画、TVドラマ、アニメ、ドキュメンタリー等のコンテンツを扱っています。
QA018,Prime Videoについて教えて,国内外の映画、TVドラマ、アニメ、ドキュメンタリー等のコンテンツを扱っています。
QA018,Prime Videoに関して,国内外の映画、TVドラマ、アニメ、ドキュメンタリー等のコンテンツを扱っています。
QA018,Prime Videoに関して知りたい,国内外の映画、TVドラマ、アニメ、ドキュメンタリー等のコンテンツを扱っています。
QA018,Prime Videoに関して教えて,国内外の映画、TVドラマ、アニメ、ドキュメンタリー等のコンテンツを扱っています。
QA019,Prime Videoはどうすれば利用できるか,amazon.co.jpのメニューから会員登録していただけます。会員登録後、すぐにご利用いただけます。
QA019,どうすればPrime Videoが利用できるか,amazon.co.jpのメニューから会員登録していただけます。会員登録後、すぐにご利用いただけます。
QA019,Prime Videoの利用手順について知りたい,amazon.co.jpのメニューから会員登録していただけます。会員登録後、すぐにご利用いただけます。
QA019,Prime Videoを利用するには,amazon.co.jpのメニューから会員登録していただけます。会員登録後、すぐにご利用いただけます。
QA019,Prime Videoはどう登録やるのか,amazon.co.jpのメニューから会員登録していただけます。会員登録後、すぐにご利用いただけます。
QA019,Prime Videoがうまく登録できない,amazon.co.jpのメニューから会員登録していただけます。会員登録後、すぐにご利用いただけます。
QA019,どうやったらPrime Videoが利用できるか,amazon.co.jpのメニューから会員登録していただけます。会員登録後、すぐにご利用いただけます。
QA019,Prime Videoの利用方法について,amazon.co.jpのメニューから会員登録していただけます。会員登録後、すぐにご利用いただけます。
QA019,Prime Videoの利用方法がわからない,amazon.co.jpのメニューから会員登録していただけます。会員登録後、すぐにご利用いただけます。
QA019,Prime Videoの利用方法を教えて,amazon.co.jpのメニューから会員登録していただけます。会員登録後、すぐにご利用いただけます。
QA020,Prime Videoが利用できない,会員登録はお済みでしょうか。お済みで無い場合はまずは会員登録を行ってください。お済みであるにもかかわらずご利用できない場合、ログインができていない可能性があります。Emailアドレスをパスワードを確認の上、再度ログインを試みてください。
QA020,Prime Videoが利用できないが、どうすればいいか,会員登録はお済みでしょうか。お済みで無い場合はまずは会員登録を行ってください。お済みであるにもかかわらずご利用できない場合、ログインができていない可能性があります。Emailアドレスをパスワードを確認の上、再度ログインを試みてください。
QA020,Prime Videoが利用できないんだけど,会員登録はお済みでしょうか。お済みで無い場合はまずは会員登録を行ってください。お済みであるにもかかわらずご利用できない場合、ログインができていない可能性があります。Emailアドレスをパスワードを確認の上、再度ログインを試みてください。
QA020,Prime Videoが利用できない場合、どうすればよいか,会員登録はお済みでしょうか。お済みで無い場合はまずは会員登録を行ってください。お済みであるにもかかわらずご利用できない場合、ログインができていない可能性があります。Emailアドレスをパスワードを確認の上、再度ログインを試みてください。
QA020,Prime Videoが利用できません,会員登録はお済みでしょうか。お済みで無い場合はまずは会員登録を行ってください。お済みであるにもかかわらずご利用できない場合、ログインができていない可能性があります。Emailアドレスをパスワードを確認の上、再度ログインを試みてください。
QA020,Prime Videoを登録しても利用できない,会員登録はお済みでしょうか。お済みで無い場合はまずは会員登録を行ってください。お済みであるにもかかわらずご利用できない場合、ログインができていない可能性があります。Emailアドレスをパスワードを確認の上、再度ログインを試みてください。
QA020,Prime Videoの利用がうまくいかない,会員登録はお済みでしょうか。お済みで無い場合はまずは会員登録を行ってください。お済みであるにもかかわらずご利用できない場合、ログインができていない可能性があります。Emailアドレスをパスワードを確認の上、再度ログインを試みてください。
QA020,Prime Videoが利用できなくなった,会員登録はお済みでしょうか。お済みで無い場合はまずは会員登録を行ってください。お済みであるにもかかわらずご利用できない場合、ログインができていない可能性があります。Emailアドレスをパスワードを確認の上、再度ログインを試みてください。
QA020,急にPrime Videoが利用できなくなった,会員登録はお済みでしょうか。お済みで無い場合はまずは会員登録を行ってください。お済みであるにもかかわらずご利用できない場合、ログインができていない可能性があります。Emailアドレスをパスワードを確認の上、再度ログインを試みてください。
QA020,Prime Videoが使えなくなった,会員登録はお済みでしょうか。お済みで無い場合はまずは会員登録を行ってください。お済みであるにもかかわらずご利用できない場合、ログインができていない可能性があります。Emailアドレスをパスワードを確認の上、再度ログインを試みてください。
QA021,Prime Videoでエラーが出た,ネットワーク環境に問題がありませんか。ストリーミングを最高画質や高画質を選択している場合は低画質にしてみて再生ができるか試してみてください。それでも再生できなければサーバーのトラブルの可能性があります。
QA021,Prime Videoでエラーが表示された,ネットワーク環境に問題がありませんか。ストリーミングを最高画質や高画質を選択している場合は低画質にしてみて再生ができるか試してみてください。それでも再生できなければサーバーのトラブルの可能性があります。
QA021,Prime Videoでエラーが出たらどうすればよいか,ネットワーク環境に問題がありませんか。ストリーミングを最高画質や高画質を選択している場合は低画質にしてみて再生ができるか試してみてください。それでも再生できなければサーバーのトラブルの可能性があります。
QA021,Prime Videoでエラーが出た場合、どうすればよい,ネットワーク環境に問題がありませんか。ストリーミングを最高画質や高画質を選択している場合は低画質にしてみて再生ができるか試してみてください。それでも再生できなければサーバーのトラブルの可能性があります。
QA021,Prime Videoを操作したら、エラーとなった,ネットワーク環境に問題がありませんか。ストリーミングを最高画質や高画質を選択している場合は低画質にしてみて再生ができるか試してみてください。それでも再生できなければサーバーのトラブルの可能性があります。
QA021,Prime Videoのエラーが発生した,ネットワーク環境に問題がありませんか。ストリーミングを最高画質や高画質を選択している場合は低画質にしてみて再生ができるか試してみてください。それでも再生できなければサーバーのトラブルの可能性があります。
QA022,Prime Videoの違い,HuluやNetflix等他のサービスに比べコンテンツ数は少ないですが、定額で利用できるのが特徴です。また、Amazon Primeに加入するとショッピングでの配達日指定やAmazon Musicの利用といった付加価値があります。
QA022,Prime Videoは何が違うのか,HuluやNetflix等他のサービスに比べコンテンツ数は少ないですが、定額で利用できるのが特徴です。また、Amazon Primeに加入するとショッピングでの配達日指定やAmazon Musicの利用といった付加価値があります。
QA022,Prime Videoはどこが違うのか,HuluやNetflix等他のサービスに比べコンテンツ数は少ないですが、定額で利用できるのが特徴です。また、Amazon Primeに加入するとショッピングでの配達日指定やAmazon Musicの利用といった付加価値があります。
QA022,Prime Videoの違いがわからない,HuluやNetflix等他のサービスに比べコンテンツ数は少ないですが、定額で利用できるのが特徴です。また、Amazon Primeに加入するとショッピングでの配達日指定やAmazon Musicの利用といった付加価値があります。
QA022,Prime Videoの違いは何か,HuluやNetflix等他のサービスに比べコンテンツ数は少ないですが、定額で利用できるのが特徴です。また、Amazon Primeに加入するとショッピングでの配達日指定やAmazon Musicの利用といった付加価値があります。
QA022,Prime Videoの違いを教えて,HuluやNetflix等他のサービスに比べコンテンツ数は少ないですが、定額で利用できるのが特徴です。また、Amazon Primeに加入するとショッピングでの配達日指定やAmazon Musicの利用といった付加価値があります。
QA022,Prime Videoの違いを知りたい,HuluやNetflix等他のサービスに比べコンテンツ数は少ないですが、定額で利用できるのが特徴です。また、Amazon Primeに加入するとショッピングでの配達日指定やAmazon Musicの利用といった付加価値があります。
QA022,Prime Videoの他との違いは何か,HuluやNetflix等他のサービスに比べコンテンツ数は少ないですが、定額で利用できるのが特徴です。また、Amazon Primeに加入するとショッピングでの配達日指定やAmazon Musicの利用といった付加価値があります。
QA023,Prime Videoは無料か,月額500円、年額4900円の有料サービスです。
QA023,Prime Videoはいくら,月額500円、年額4900円の有料サービスです。
QA023,Prime Videoは有料か,月額500円、年額4900円の有料サービスです。
QA023,Prime Videoはいくらかかる,月額500円、年額4900円の有料サービスです。
QA023,Prime Videoを知りたい,月額500円、年額4900円の有料サービスです。
QA023,Prime Videoはタダ,月額500円、年額4900円の有料サービスです。
QA023,Prime Videoはどれくらい,月額500円、年額4900円の有料サービスです。
QA023,Prime Video利用料金,月額500円、年額4900円の有料サービスです。
QA023,Prime Video費用,月額500円、年額4900円の有料サービスです。
QA023,Prime Video利用価格,月額500円、年額4900円の有料サービスです。
QA024,Prime Video解約,アカウント情報のページより解約していただけます。Amazon Primeを解約すると、ショッピングの配達日指定、Amazon Music、Amazon Kindle等のサービスもご利用いただけなくなります。
QA024,Prime Videoを解約したい,アカウント情報のページより解約していただけます。Amazon Primeを解約すると、ショッピングの配達日指定、Amazon Music、Amazon Kindle等のサービスもご利用いただけなくなります。
QA024,Prime Videoを解約するには,アカウント情報のページより解約していただけます。Amazon Primeを解約すると、ショッピングの配達日指定、Amazon Music、Amazon Kindle等のサービスもご利用いただけなくなります。
QA024,Prime Videoを解約できる,アカウント情報のページより解約していただけます。Amazon Primeを解約すると、ショッピングの配達日指定、Amazon Music、Amazon Kindle等のサービスもご利用いただけなくなります。
QA024,Prime Videoを解約できない,アカウント情報のページより解約していただけます。Amazon Primeを解約すると、ショッピングの配達日指定、Amazon Music、Amazon Kindle等のサービスもご利用いただけなくなります。
QA024,Prime Videoを解約できません,アカウント情報のページより解約していただけます。Amazon Primeを解約すると、ショッピングの配達日指定、Amazon Music、Amazon Kindle等のサービスもご利用いただけなくなります。
QA024,Prime Videoの解約方法,アカウント情報のページより解約していただけます。Amazon Primeを解約すると、ショッピングの配達日指定、Amazon Music、Amazon Kindle等のサービスもご利用いただけなくなります。
QA024,Prime Videoを解約する方法,アカウント情報のページより解約していただけます。Amazon Primeを解約すると、ショッピングの配達日指定、Amazon Music、Amazon Kindle等のサービスもご利用いただけなくなります。
QA024,Prime Videoは解約可能,アカウント情報のページより解約していただけます。Amazon Primeを解約すると、ショッピングの配達日指定、Amazon Music、Amazon Kindle等のサービスもご利用いただけなくなります。
